,danceability,energy,key,loudness,mode,speechiness,acousticness,instrumentalness,liveness,valence,tempo,type,id,uri,track_href,analysis_url,duration_ms,time_signature
0,0.707,0.611,7,-8.222,1,0.0304,0.631,0.884,0.0807,0.657,92.041,audio_features,3jfDzdrGJlGd96PKS4BE5U,spotify:track:3jfDzdrGJlGd96PKS4BE5U,https://api.spotify.com/v1/tracks/3jfDzdrGJlGd96PKS4BE5U,https://api.spotify.com/v1/audio-analysis/3jfDzdrGJlGd96PKS4BE5U,245387,4
1,0.759,0.515,10,-9.74,0,0.0314,0.696,0.76,0.0932,0.794,106.052,audio_features,19SmFgWJE04yhRe8xbDTjy,spotify:track:19SmFgWJE04yhRe8xbDTjy,https://api.spotify.com/v1/tracks/19SmFgWJE04yhRe8xbDTjy,https://api.spotify.com/v1/audio-analysis/19SmFgWJE04yhRe8xbDTjy,246547,4
2,0.702,0.903,1,-3.538,1,0.0301,0.0945,0.0531,0.0358,0.96,98.03,audio_features,7dq202M039xvCI6069glpQ,spotify:track:7dq202M039xvCI6069glpQ,https://api.spotify.com/v1/tracks/7dq202M039xvCI6069glpQ,https://api.spotify.com/v1/audio-analysis/7dq202M039xvCI6069glpQ,263347,4
3,0.782,0.921,10,-5.755,0,0.0374,0.178,0.817,0.0847,0.583,102.006,audio_features,54zWQx9UkouSu8x403Ggho,spotify:track:54zWQx9UkouSu8x403Ggho,https://api.spotify.com/v1/tracks/54zWQx9UkouSu8x403Ggho,https://api.spotify.com/v1/audio-analysis/54zWQx9UkouSu8x403Ggho,244000,4
4,0.769,0.752,11,-6.095,0,0.0521,0.00385,0.866,0.175,0.622,115.991,audio_features,53E8E6DbmFqADkUDP6h3ks,spotify:track:53E8E6DbmFqADkUDP6h3ks,https://api.spotify.com/v1/tracks/53E8E6DbmFqADkUDP6h3ks,https://api.spotify.com/v1/audio-analysis/53E8E6DbmFqADkUDP6h3ks,306734,4
5,0.576,0.663,5,-7.016,0,0.0356,0.0848,0.403,0.0587,0.554,90.943,audio_features,2Zw99p6yQDuFkk6Bikbr0P,spotify:track:2Zw99p6yQDuFkk6Bikbr0P,https://api.spotify.com/v1/tracks/2Zw99p6yQDuFkk6Bikbr0P,https://api.spotify.com/v1/audio-analysis/2Zw99p6yQDuFkk6Bikbr0P,257368,4
6,0.707,0.775,5,-7.839,1,0.0362,0.254,0.42,0.203,0.855,100.013,audio_features,1w5Azcd8o7MIj4ZIxiygPF,spotify:track:1w5Azcd8o7MIj4ZIxiygPF,https://api.spotify.com/v1/tracks/1w5Azcd8o7MIj4ZIxiygPF,https://api.spotify.com/v1/audio-analysis/1w5Azcd8o7MIj4ZIxiygPF,241933,4
7,0.53,0.718,7,-7.472,0,0.0382,0.0629,0.0391,0.0779,0.479,89.848,audio_features,7uD0PGLluCATo94ShX5kAt,spotify:track:7uD0PGLluCATo94ShX5kAt,https://api.spotify.com/v1/tracks/7uD0PGLluCATo94ShX5kAt,https://api.spotify.com/v1/audio-analysis/7uD0PGLluCATo94ShX5kAt,267914,4
8,0.398,0.577,7,-6.091,0,0.238,0.237,0.000145,0.0662,0.652,198.743,audio_features,1o1v8l3TX3dX8WsoIWFZN9,spotify:track:1o1v8l3TX3dX8WsoIWFZN9,https://api.spotify.com/v1/tracks/1o1v8l3TX3dX8WsoIWFZN9,https://api.spotify.com/v1/audio-analysis/1o1v8l3TX3dX8WsoIWFZN9,271189,4
9,0.819,0.841,5,-5.55,1,0.0291,0.133,0.805,0.045,0.653,112.024,audio_features,44VN2rjI4yzsHeQAKtjtRV,spotify:track:44VN2rjI4yzsHeQAKtjtRV,https://api.spotify.com/v1/tracks/44VN2rjI4yzsHeQAKtjtRV,https://api.spotify.com/v1/audio-analysis/44VN2rjI4yzsHeQAKtjtRV,253134,4
10,0.653,0.79,5,-5.759,0,0.0341,0.0163,0.0923,0.206,0.606,92.011,audio_features,2zxHJDhWzFDbuFT4CRYRTg,spotify:track:2zxHJDhWzFDbuFT4CRYRTg,https://api.spotify.com/v1/tracks/2zxHJDhWzFDbuFT4CRYRTg,https://api.spotify.com/v1/audio-analysis/2zxHJDhWzFDbuFT4CRYRTg,252757,4
11,0.869,0.689,11,-7.07,0,0.0417,0.194,0.937,0.0857,0.955,113.983,audio_features,5Jb6Qc6cKR6X8Es7jjTKKq,spotify:track:5Jb6Qc6cKR6X8Es7jjTKKq,https://api.spotify.com/v1/tracks/5Jb6Qc6cKR6X8Es7jjTKKq,https://api.spotify.com/v1/audio-analysis/5Jb6Qc6cKR6X8Es7jjTKKq,257853,4
12,0.661,0.643,8,-8.379,0,0.0254,0.19,0.105,0.323,0.664,112.039,audio_features,2UyuMrq8tSoAXBaPhVLW1u,spotify:track:2UyuMrq8tSoAXBaPhVLW1u,https://api.spotify.com/v1/tracks/2UyuMrq8tSoAXBaPhVLW1u,https://api.spotify.com/v1/audio-analysis/2UyuMrq8tSoAXBaPhVLW1u,207480,4
13,0.59,0.455,2,-11.335,1,0.0277,0.218,0.907,0.217,0.435,139.994,audio_features,1ldNcaMyLRYnRgYORskmlX,spotify:track:1ldNcaMyLRYnRgYORskmlX,https://api.spotify.com/v1/tracks/1ldNcaMyLRYnRgYORskmlX,https://api.spotify.com/v1/audio-analysis/1ldNcaMyLRYnRgYORskmlX,223197,4
14,0.659,0.695,11,-9.208,0,0.0613,0.383,0.915,0.354,0.685,74.984,audio_features,6Ffq2LpeGIowt9u9inl5rn,spotify:track:6Ffq2LpeGIowt9u9inl5rn,https://api.spotify.com/v1/tracks/6Ffq2LpeGIowt9u9inl5rn,https://api.spotify.com/v1/audio-analysis/6Ffq2LpeGIowt9u9inl5rn,303067,4
15,0.651,0.658,4,-9.399,0,0.0364,0.0251,0.00432,0.131,0.699,92.992,audio_features,7arpvvLEsbpRMe2x1faz2g,spotify:track:7arpvvLEsbpRMe2x1faz2g,https://api.spotify.com/v1/tracks/7arpvvLEsbpRMe2x1faz2g,https://api.spotify.com/v1/audio-analysis/7arpvvLEsbpRMe2x1faz2g,257750,4
16,0.76,0.462,9,-11.571,1,0.0355,0.333,0.727,0.0997,0.842,109.998,audio_features,1qqVgXK4RrVwkM851ALIP4,spotify:track:1qqVgXK4RrVwkM851ALIP4,https://api.spotify.com/v1/tracks/1qqVgXK4RrVwkM851ALIP4,https://api.spotify.com/v1/audio-analysis/1qqVgXK4RrVwkM851ALIP4,423320,4
17,0.339,0.617,7,-9.396,0,0.0312,0.893,0.933,0.0857,0.726,91.328,audio_features,09N0r6vIBIEbqcpuAYvKEL,spotify:track:09N0r6vIBIEbqcpuAYvKEL,https://api.spotify.com/v1/tracks/09N0r6vIBIEbqcpuAYvKEL,https://api.spotify.com/v1/audio-analysis/09N0r6vIBIEbqcpuAYvKEL,264187,4
18,0.466,0.485,4,-11.151,0,0.056,0.531,0.744,0.175,0.736,84.282,audio_features,3PMfrfMYRXayX1zMBBdW5O,spotify:track:3PMfrfMYRXayX1zMBBdW5O,https://api.spotify.com/v1/tracks/3PMfrfMYRXayX1zMBBdW5O,https://api.spotify.com/v1/audio-analysis/3PMfrfMYRXayX1zMBBdW5O,332000,4
19,0.744,0.562,5,-8.709,0,0.0336,0.0904,0.883,0.0848,0.714,113.066,audio_features,4M7bB1Bx82oR4GIY1HntRn,spotify:track:4M7bB1Bx82oR4GIY1HntRn,https://api.spotify.com/v1/tracks/4M7bB1Bx82oR4GIY1HntRn,https://api.spotify.com/v1/audio-analysis/4M7bB1Bx82oR4GIY1HntRn,261401,4
20,0.73,0.619,1,-7.026,1,0.0302,0.0913,0.81,0.176,0.523,104.975,audio_features,2KBRV7S5JLe2elIN7y1DaC,spotify:track:2KBRV7S5JLe2elIN7y1DaC,https://api.spotify.com/v1/tracks/2KBRV7S5JLe2elIN7y1DaC,https://api.spotify.com/v1/audio-analysis/2KBRV7S5JLe2elIN7y1DaC,243987,4
21,0.846,0.827,0,-6.741,1,0.0408,0.526,0.851,0.065,0.87,117.976,audio_features,2ITdSAb92uimwSLa1PpxPT,spotify:track:2ITdSAb92uimwSLa1PpxPT,https://api.spotify.com/v1/tracks/2ITdSAb92uimwSLa1PpxPT,https://api.spotify.com/v1/audio-analysis/2ITdSAb92uimwSLa1PpxPT,219693,4
22,0.79,0.624,0,-7.367,1,0.0294,0.45,0.381,0.0885,0.89,120.062,audio_features,3rA99T6dRVOn61XLFnKEXt,spotify:track:3rA99T6dRVOn61XLFnKEXt,https://api.spotify.com/v1/tracks/3rA99T6dRVOn61XLFnKEXt,https://api.spotify.com/v1/audio-analysis/3rA99T6dRVOn61XLFnKEXt,235507,4
23,0.668,0.727,2,-6.402,0,0.0261,0.0118,0.472,0.0379,0.9,116.0,audio_features,1JSEfJIhdEIofB18ZUk3u0,spotify:track:1JSEfJIhdEIofB18ZUk3u0,https://api.spotify.com/v1/tracks/1JSEfJIhdEIofB18ZUk3u0,https://api.spotify.com/v1/audio-analysis/1JSEfJIhdEIofB18ZUk3u0,262093,4
24,0.763,0.592,10,-8.987,1,0.0313,0.325,0.862,0.0815,0.675,121.065,audio_features,3NIAsDhuj6X1IeB7v481SC,spotify:track:3NIAsDhuj6X1IeB7v481SC,https://api.spotify.com/v1/tracks/3NIAsDhuj6X1IeB7v481SC,https://api.spotify.com/v1/audio-analysis/3NIAsDhuj6X1IeB7v481SC,304357,4
25,0.427,0.637,7,-9.346,1,0.0645,0.33,0.1,0.0917,0.488,98.451,audio_features,4Ry0CHy6tWiatZ1SmumvzA,spotify:track:4Ry0CHy6tWiatZ1SmumvzA,https://api.spotify.com/v1/tracks/4Ry0CHy6tWiatZ1SmumvzA,https://api.spotify.com/v1/audio-analysis/4Ry0CHy6tWiatZ1SmumvzA,245106,4
26,0.658,0.784,3,-9.396,1,0.0292,0.404,0.0569,0.119,0.645,112.062,audio_features,5ANfIDJ8UTJsDnW0sQw54e,spotify:track:5ANfIDJ8UTJsDnW0sQw54e,https://api.spotify.com/v1/tracks/5ANfIDJ8UTJsDnW0sQw54e,https://api.spotify.com/v1/audio-analysis/5ANfIDJ8UTJsDnW0sQw54e,238750,4
27,0.786,0.543,4,-10.096,0,0.035,0.725,0.909,0.091,0.715,112.005,audio_features,522WY3LU3tn0apaPw7QMht,spotify:track:522WY3LU3tn0apaPw7QMht,https://api.spotify.com/v1/tracks/522WY3LU3tn0apaPw7QMht,https://api.spotify.com/v1/audio-analysis/522WY3LU3tn0apaPw7QMht,238707,4
28,0.681,0.557,2,-7.666,1,0.0417,0.565,0.692,0.0839,0.57,87.906,audio_features,6hpNlLiyMXnv7LBdBR4lxM,spotify:track:6hpNlLiyMXnv7LBdBR4lxM,https://api.spotify.com/v1/tracks/6hpNlLiyMXnv7LBdBR4lxM,https://api.spotify.com/v1/audio-analysis/6hpNlLiyMXnv7LBdBR4lxM,341796,4
29,0.661,0.739,5,-7.38,0,0.0688,0.0816,0.0532,0.0932,0.485,104.175,audio_features,10cdBJttiupeCcUlNRavhL,spotify:track:10cdBJttiupeCcUlNRavhL,https://api.spotify.com/v1/tracks/10cdBJttiupeCcUlNRavhL,https://api.spotify.com/v1/audio-analysis/10cdBJttiupeCcUlNRavhL,281747,4
30,0.653,0.575,4,-11.413,0,0.061,0.0915,0.328,0.0935,0.499,99.995,audio_features,6y95NRfS1RzVi5xkwZK03b,spotify:track:6y95NRfS1RzVi5xkwZK03b,https://api.spotify.com/v1/tracks/6y95NRfS1RzVi5xkwZK03b,https://api.spotify.com/v1/audio-analysis/6y95NRfS1RzVi5xkwZK03b,250691,4
31,0.523,0.619,8,-6.097,1,0.0267,0.252,0.791,0.172,0.336,80.013,audio_features,1ZXt69SBkxQXPiVuMJ7RhH,spotify:track:1ZXt69SBkxQXPiVuMJ7RhH,https://api.spotify.com/v1/tracks/1ZXt69SBkxQXPiVuMJ7RhH,https://api.spotify.com/v1/audio-analysis/1ZXt69SBkxQXPiVuMJ7RhH,282533,4
32,0.652,0.809,5,-7.697,0,0.0415,0.0571,0.628,0.21,0.669,108.03,audio_features,60wdxStC0kqP4otCrr9EjO,spotify:track:60wdxStC0kqP4otCrr9EjO,https://api.spotify.com/v1/tracks/60wdxStC0kqP4otCrr9EjO,https://api.spotify.com/v1/audio-analysis/60wdxStC0kqP4otCrr9EjO,257933,4
33,0.794,0.674,1,-11.176,1,0.0494,0.0677,0.000199,0.0749,0.742,120.013,audio_features,4f4VW2zi93QbIgo9YsWQzb,spotify:track:4f4VW2zi93QbIgo9YsWQzb,https://api.spotify.com/v1/tracks/4f4VW2zi93QbIgo9YsWQzb,https://api.spotify.com/v1/audio-analysis/4f4VW2zi93QbIgo9YsWQzb,356000,4
34,0.783,0.62,5,-8.4,0,0.0318,0.444,2.85e-06,0.0909,0.419,134.054,audio_features,1bd2Wfh8sRdZ5Y68TqJFF8,spotify:track:1bd2Wfh8sRdZ5Y68TqJFF8,https://api.spotify.com/v1/tracks/1bd2Wfh8sRdZ5Y68TqJFF8,https://api.spotify.com/v1/audio-analysis/1bd2Wfh8sRdZ5Y68TqJFF8,273282,4
35,0.694,0.837,8,-9.309,0,0.0332,0.406,0.185,0.0567,0.836,96.005,audio_features,4AkLm8q5BYdFkWd6q5JQFT,spotify:track:4AkLm8q5BYdFkWd6q5JQFT,https://api.spotify.com/v1/tracks/4AkLm8q5BYdFkWd6q5JQFT,https://api.spotify.com/v1/audio-analysis/4AkLm8q5BYdFkWd6q5JQFT,225610,4
36,0.7,0.912,11,-6.592,0,0.0472,0.115,0.93,0.0947,0.807,99.998,audio_features,7qqamkny8IkXOCJrhjy73L,spotify:track:7qqamkny8IkXOCJrhjy73L,https://api.spotify.com/v1/tracks/7qqamkny8IkXOCJrhjy73L,https://api.spotify.com/v1/audio-analysis/7qqamkny8IkXOCJrhjy73L,272400,4
37,0.757,0.755,0,-6.807,1,0.0278,0.71,0.897,0.0991,0.859,118.056,audio_features,7zOUFRqqwH4RTuocM4kA3D,spotify:track:7zOUFRqqwH4RTuocM4kA3D,https://api.spotify.com/v1/tracks/7zOUFRqqwH4RTuocM4kA3D,https://api.spotify.com/v1/audio-analysis/7zOUFRqqwH4RTuocM4kA3D,214263,4
38,0.773,0.834,1,-5.045,1,0.0608,0.149,0.73,0.0959,0.96,111.025,audio_features,0ofqUTMS7fL34q7H6wms1H,spotify:track:0ofqUTMS7fL34q7H6wms1H,https://api.spotify.com/v1/tracks/0ofqUTMS7fL34q7H6wms1H,https://api.spotify.com/v1/audio-analysis/0ofqUTMS7fL34q7H6wms1H,260693,4
39,0.764,0.684,10,-9.697,0,0.0297,0.462,0.932,0.339,0.815,108.017,audio_features,4R68kPJO5pIBsqlwY7lsWD,spotify:track:4R68kPJO5pIBsqlwY7lsWD,https://api.spotify.com/v1/tracks/4R68kPJO5pIBsqlwY7lsWD,https://api.spotify.com/v1/audio-analysis/4R68kPJO5pIBsqlwY7lsWD,249640,4
40,0.767,0.705,5,-6.233,0,0.0508,0.402,0.145,0.0501,0.728,81.974,audio_features,6kXk5A2Ea0NtN4H9xVvSc0,spotify:track:6kXk5A2Ea0NtN4H9xVvSc0,https://api.spotify.com/v1/tracks/6kXk5A2Ea0NtN4H9xVvSc0,https://api.spotify.com/v1/audio-analysis/6kXk5A2Ea0NtN4H9xVvSc0,253577,4
41,0.633,0.405,5,-13.289,1,0.0347,0.673,0.898,0.087,0.388,81.998,audio_features,6bnqJdALa6MOCOlB6VoNsF,spotify:track:6bnqJdALa6MOCOlB6VoNsF,https://api.spotify.com/v1/tracks/6bnqJdALa6MOCOlB6VoNsF,https://api.spotify.com/v1/audio-analysis/6bnqJdALa6MOCOlB6VoNsF,311800,4
42,0.805,0.395,5,-9.609,0,0.0626,0.58,0.914,0.187,0.437,154.119,audio_features,5G06UxrCwKQqfDuXbhr7nn,spotify:track:5G06UxrCwKQqfDuXbhr7nn,https://api.spotify.com/v1/tracks/5G06UxrCwKQqfDuXbhr7nn,https://api.spotify.com/v1/audio-analysis/5G06UxrCwKQqfDuXbhr7nn,317413,4
43,0.731,0.752,2,-7.899,1,0.0356,0.0713,0.892,0.278,0.667,123.972,audio_features,2OskiZnUwZFdHhcpkYDZUG,spotify:track:2OskiZnUwZFdHhcpkYDZUG,https://api.spotify.com/v1/tracks/2OskiZnUwZFdHhcpkYDZUG,https://api.spotify.com/v1/audio-analysis/2OskiZnUwZFdHhcpkYDZUG,359302,4
44,0.647,0.71,5,-7.653,1,0.0485,0.477,0.401,0.221,0.535,103.06,audio_features,5YrwVuezlhg5sAvEY3RKi5,spotify:track:5YrwVuezlhg5sAvEY3RKi5,https://api.spotify.com/v1/tracks/5YrwVuezlhg5sAvEY3RKi5,https://api.spotify.com/v1/audio-analysis/5YrwVuezlhg5sAvEY3RKi5,239718,4
45,0.675,0.56,11,-11.853,0,0.0367,0.383,0.824,0.2,0.706,97.003,audio_features,6NRhcdbgJYiBMM3lNezw2r,spotify:track:6NRhcdbgJYiBMM3lNezw2r,https://api.spotify.com/v1/tracks/6NRhcdbgJYiBMM3lNezw2r,https://api.spotify.com/v1/audio-analysis/6NRhcdbgJYiBMM3lNezw2r,233307,4
46,0.798,0.486,5,-7.007,0,0.0459,0.465,0.488,0.234,0.458,93.963,audio_features,5N9UrB6KKJp2WNGP4Nkwhr,spotify:track:5N9UrB6KKJp2WNGP4Nkwhr,https://api.spotify.com/v1/tracks/5N9UrB6KKJp2WNGP4Nkwhr,https://api.spotify.com/v1/audio-analysis/5N9UrB6KKJp2WNGP4Nkwhr,226681,4
47,0.73,0.649,3,-9.818,0,0.0554,0.547,0.481,0.0722,0.666,103.015,audio_features,3fDnU9YfEMPiFbbXSjqWju,spotify:track:3fDnU9YfEMPiFbbXSjqWju,https://api.spotify.com/v1/tracks/3fDnU9YfEMPiFbbXSjqWju,https://api.spotify.com/v1/audio-analysis/3fDnU9YfEMPiFbbXSjqWju,285171,4
48,0.408,0.819,3,-5.296,0,0.16,0.321,0.8,0.0704,0.741,200.248,audio_features,4kGMG7u3bLOe2sBVfYmODA,spotify:track:4kGMG7u3bLOe2sBVfYmODA,https://api.spotify.com/v1/tracks/4kGMG7u3bLOe2sBVfYmODA,https://api.spotify.com/v1/audio-analysis/4kGMG7u3bLOe2sBVfYmODA,251451,4
49,0.767,0.86,5,-3.987,0,0.0424,0.492,0.874,0.086,0.765,114.938,audio_features,4xpSNOA4HX51BvRqH77v6z,spotify:track:4xpSNOA4HX51BvRqH77v6z,https://api.spotify.com/v1/tracks/4xpSNOA4HX51BvRqH77v6z,https://api.spotify.com/v1/audio-analysis/4xpSNOA4HX51BvRqH77v6z,238867,4
50,0.376,0.0222,11,-26.348,1,0.0563,0.995,0.936,0.124,0.229,72.772,audio_features,0QBgBYJGKbQ94uBKStszv0,spotify:track:0QBgBYJGKbQ94uBKStszv0,https://api.spotify.com/v1/tracks/0QBgBYJGKbQ94uBKStszv0,https://api.spotify.com/v1/audio-analysis/0QBgBYJGKbQ94uBKStszv0,187399,3
51,0.497,0.409,5,-14.42,0,0.0333,0.012,0.802,0.113,0.168,170.046,audio_features,3umXA9PE3HwhN6aqbM7QoB,spotify:track:3umXA9PE3HwhN6aqbM7QoB,https://api.spotify.com/v1/tracks/3umXA9PE3HwhN6aqbM7QoB,https://api.spotify.com/v1/audio-analysis/3umXA9PE3HwhN6aqbM7QoB,121419,4
52,0.597,0.304,10,-13.681,1,0.0299,0.908,0.898,0.141,0.434,139.688,audio_features,30qPlOpLeJWD1mASyON1po,spotify:track:30qPlOpLeJWD1mASyON1po,https://api.spotify.com/v1/tracks/30qPlOpLeJWD1mASyON1po,https://api.spotify.com/v1/audio-analysis/30qPlOpLeJWD1mASyON1po,175959,3
53,0.664,0.12,10,-16.577,1,0.0431,0.981,0.922,0.113,0.274,119.744,audio_features,3cAnCLivD2rxdgHN1B27vX,spotify:track:3cAnCLivD2rxdgHN1B27vX,https://api.spotify.com/v1/tracks/3cAnCLivD2rxdgHN1B27vX,https://api.spotify.com/v1/audio-analysis/3cAnCLivD2rxdgHN1B27vX,223000,3
54,0.302,0.0134,10,-27.372,1,0.0418,0.991,0.925,0.129,0.433,85.572,audio_features,2m6G2vP3x33rQhfmSYB9Iy,spotify:track:2m6G2vP3x33rQhfmSYB9Iy,https://api.spotify.com/v1/tracks/2m6G2vP3x33rQhfmSYB9Iy,https://api.spotify.com/v1/audio-analysis/2m6G2vP3x33rQhfmSYB9Iy,139052,3
55,0.483,0.193,1,-16.57,0,0.0344,0.933,0.95,0.101,0.205,85.137,audio_features,4xMSs10bUKFuWmOs2DmBzw,spotify:track:4xMSs10bUKFuWmOs2DmBzw,https://api.spotify.com/v1/tracks/4xMSs10bUKFuWmOs2DmBzw,https://api.spotify.com/v1/audio-analysis/4xMSs10bUKFuWmOs2DmBzw,202147,4
56,0.72,0.302,1,-17.8,1,0.0363,0.954,0.937,0.0995,0.535,117.881,audio_features,74tBxy0qDxFviVy77F4oDK,spotify:track:74tBxy0qDxFviVy77F4oDK,https://api.spotify.com/v1/tracks/74tBxy0qDxFviVy77F4oDK,https://api.spotify.com/v1/audio-analysis/74tBxy0qDxFviVy77F4oDK,218910,4
57,0.372,0.168,5,-22.966,1,0.0319,0.738,0.729,0.0917,0.195,96.074,audio_features,0Pw63fBSPpWdWPfcUr9hY5,spotify:track:0Pw63fBSPpWdWPfcUr9hY5,https://api.spotify.com/v1/tracks/0Pw63fBSPpWdWPfcUr9hY5,https://api.spotify.com/v1/audio-analysis/0Pw63fBSPpWdWPfcUr9hY5,465133,4
58,0.457,0.102,5,-20.175,0,0.04,0.977,0.858,0.108,0.199,114.279,audio_features,6V5OcaQior9q7a8r4b93M5,spotify:track:6V5OcaQior9q7a8r4b93M5,https://api.spotify.com/v1/tracks/6V5OcaQior9q7a8r4b93M5,https://api.spotify.com/v1/audio-analysis/6V5OcaQior9q7a8r4b93M5,243334,4
59,0.794,0.325,4,-12.578,0,0.0499,0.581,0.000544,0.306,0.314,100.014,audio_features,55YpH8TtEx99fwOJAaxAIE,spotify:track:55YpH8TtEx99fwOJAaxAIE,https://api.spotify.com/v1/tracks/55YpH8TtEx99fwOJAaxAIE,https://api.spotify.com/v1/audio-analysis/55YpH8TtEx99fwOJAaxAIE,243451,4
60,0.536,0.0572,5,-21.435,0,0.0452,0.973,0.919,0.115,0.178,137.15,audio_features,29nK4itJtykZEtsVE8dt4R,spotify:track:29nK4itJtykZEtsVE8dt4R,https://api.spotify.com/v1/tracks/29nK4itJtykZEtsVE8dt4R,https://api.spotify.com/v1/audio-analysis/29nK4itJtykZEtsVE8dt4R,240960,4
61,0.484,0.17,0,-15.033,0,0.0358,0.927,0.911,0.112,0.164,107.194,audio_features,4Z3UHUWnGLHD0qhf6gSjCO,spotify:track:4Z3UHUWnGLHD0qhf6gSjCO,https://api.spotify.com/v1/tracks/4Z3UHUWnGLHD0qhf6gSjCO,https://api.spotify.com/v1/audio-analysis/4Z3UHUWnGLHD0qhf6gSjCO,337986,4
62,0.351,0.244,9,-10.019,1,0.0318,0.977,0.0749,0.107,0.31,68.92,audio_features,1ih4edYGz6a5bP9vuabZM4,spotify:track:1ih4edYGz6a5bP9vuabZM4,https://api.spotify.com/v1/tracks/1ih4edYGz6a5bP9vuabZM4,https://api.spotify.com/v1/audio-analysis/1ih4edYGz6a5bP9vuabZM4,223908,4
63,0.576,0.328,5,-10.995,1,0.0367,0.95,0.795,0.106,0.231,117.239,audio_features,7K0RtjPEyD4djyUJUQUiNG,spotify:track:7K0RtjPEyD4djyUJUQUiNG,https://api.spotify.com/v1/tracks/7K0RtjPEyD4djyUJUQUiNG,https://api.spotify.com/v1/audio-analysis/7K0RtjPEyD4djyUJUQUiNG,377500,3
64,0.316,0.0105,6,-22.864,1,0.0385,0.992,0.864,0.09,0.176,66.492,audio_features,3JluMpRA2buMEgVjFU8YMj,spotify:track:3JluMpRA2buMEgVjFU8YMj,https://api.spotify.com/v1/tracks/3JluMpRA2buMEgVjFU8YMj,https://api.spotify.com/v1/audio-analysis/3JluMpRA2buMEgVjFU8YMj,228513,4
65,0.495,0.359,7,-8.175,0,0.0299,0.85,0.684,0.102,0.296,102.423,audio_features,0cjJap1BiwjXNmjnInw1V4,spotify:track:0cjJap1BiwjXNmjnInw1V4,https://api.spotify.com/v1/tracks/0cjJap1BiwjXNmjnInw1V4,https://api.spotify.com/v1/audio-analysis/0cjJap1BiwjXNmjnInw1V4,137317,3
66,0.747,0.476,4,-10.945,1,0.0577,0.772,0.183,0.321,0.664,149.89,audio_features,37G7prE4bs7O7gaiyh6g4e,spotify:track:37G7prE4bs7O7gaiyh6g4e,https://api.spotify.com/v1/tracks/37G7prE4bs7O7gaiyh6g4e,https://api.spotify.com/v1/audio-analysis/37G7prE4bs7O7gaiyh6g4e,149954,4
67,0.411,0.449,9,-15.659,0,0.0318,0.548,0.609,0.0814,0.579,144.0,audio_features,5OZxPuPWzGMvYwTDysSeQ5,spotify:track:5OZxPuPWzGMvYwTDysSeQ5,https://api.spotify.com/v1/tracks/5OZxPuPWzGMvYwTDysSeQ5,https://api.spotify.com/v1/audio-analysis/5OZxPuPWzGMvYwTDysSeQ5,250000,4
68,0.493,0.297,4,-18.663,0,0.0335,0.892,0.964,0.11,0.525,125.543,audio_features,4PIZ1djPPclUwi9wWvVUOB,spotify:track:4PIZ1djPPclUwi9wWvVUOB,https://api.spotify.com/v1/tracks/4PIZ1djPPclUwi9wWvVUOB,https://api.spotify.com/v1/audio-analysis/4PIZ1djPPclUwi9wWvVUOB,279000,3
69,0.373,0.183,5,-18.031,0,0.0356,0.922,0.8,0.0934,0.144,185.057,audio_features,0K98aZItWBqCnFiMMiXiD8,spotify:track:0K98aZItWBqCnFiMMiXiD8,https://api.spotify.com/v1/tracks/0K98aZItWBqCnFiMMiXiD8,https://api.spotify.com/v1/audio-analysis/0K98aZItWBqCnFiMMiXiD8,316098,3
70,0.646,0.237,4,-13.886,0,0.0601,0.828,0.845,0.0961,0.537,85.199,audio_features,5bAMh6RORJtqwMAZcUUwsj,spotify:track:5bAMh6RORJtqwMAZcUUwsj,https://api.spotify.com/v1/tracks/5bAMh6RORJtqwMAZcUUwsj,https://api.spotify.com/v1/audio-analysis/5bAMh6RORJtqwMAZcUUwsj,185747,4
71,0.386,0.106,0,-19.209,0,0.0308,0.977,0.941,0.121,0.16,101.784,audio_features,4zyETWlER8end95J1QlzXN,spotify:track:4zyETWlER8end95J1QlzXN,https://api.spotify.com/v1/tracks/4zyETWlER8end95J1QlzXN,https://api.spotify.com/v1/audio-analysis/4zyETWlER8end95J1QlzXN,301500,4
72,0.578,0.0801,8,-20.314,1,0.0501,0.966,0.539,0.106,0.0747,105.706,audio_features,49e8jyxGYok1DJRLqOlg4T,spotify:track:49e8jyxGYok1DJRLqOlg4T,https://api.spotify.com/v1/tracks/49e8jyxGYok1DJRLqOlg4T,https://api.spotify.com/v1/audio-analysis/49e8jyxGYok1DJRLqOlg4T,242067,4
73,0.397,0.287,7,-16.476,1,0.0346,0.624,0.663,0.0614,0.321,83.015,audio_features,0FAzOeaWZi4CCZgkJFkgwc,spotify:track:0FAzOeaWZi4CCZgkJFkgwc,https://api.spotify.com/v1/tracks/0FAzOeaWZi4CCZgkJFkgwc,https://api.spotify.com/v1/audio-analysis/0FAzOeaWZi4CCZgkJFkgwc,236000,4
74,0.812,0.358,5,-9.313,1,0.0482,0.886,0.901,0.158,0.688,120.006,audio_features,7wHsraPGARpUvcRW8holDn,spotify:track:7wHsraPGARpUvcRW8holDn,https://api.spotify.com/v1/tracks/7wHsraPGARpUvcRW8holDn,https://api.spotify.com/v1/audio-analysis/7wHsraPGARpUvcRW8holDn,219750,4
75,0.446,0.188,7,-17.215,0,0.0303,0.786,0.0916,0.104,0.0988,107.147,audio_features,4Hus6AQNHezUdbBKuo1aE8,spotify:track:4Hus6AQNHezUdbBKuo1aE8,https://api.spotify.com/v1/tracks/4Hus6AQNHezUdbBKuo1aE8,https://api.spotify.com/v1/audio-analysis/4Hus6AQNHezUdbBKuo1aE8,258227,4
76,0.485,0.0422,9,-21.347,0,0.0345,0.96,0.869,0.0954,0.246,80.473,audio_features,47tG3OUhtCK0fRbgVOstFk,spotify:track:47tG3OUhtCK0fRbgVOstFk,https://api.spotify.com/v1/tracks/47tG3OUhtCK0fRbgVOstFk,https://api.spotify.com/v1/audio-analysis/47tG3OUhtCK0fRbgVOstFk,213893,4
77,0.402,0.647,5,-12.533,1,0.0341,0.353,0.00124,0.284,0.792,96.064,audio_features,30T9ivfLzbz9SrP2an6pZL,spotify:track:30T9ivfLzbz9SrP2an6pZL,https://api.spotify.com/v1/tracks/30T9ivfLzbz9SrP2an6pZL,https://api.spotify.com/v1/audio-analysis/30T9ivfLzbz9SrP2an6pZL,205453,4
78,0.732,0.226,1,-15.145,0,0.0452,0.562,0.866,0.0752,0.181,85.289,audio_features,299ev5PDUaqTjLSGboDLK4,spotify:track:299ev5PDUaqTjLSGboDLK4,https://api.spotify.com/v1/tracks/299ev5PDUaqTjLSGboDLK4,https://api.spotify.com/v1/audio-analysis/299ev5PDUaqTjLSGboDLK4,151901,4
79,0.518,0.0493,9,-26.565,0,0.0346,0.9,0.879,0.349,0.16,61.908,audio_features,3LZ0GUgBO1XXW6jKK5A2lJ,spotify:track:3LZ0GUgBO1XXW6jKK5A2lJ,https://api.spotify.com/v1/tracks/3LZ0GUgBO1XXW6jKK5A2lJ,https://api.spotify.com/v1/audio-analysis/3LZ0GUgBO1XXW6jKK5A2lJ,375094,4
80,0.664,0.233,7,-20.362,0,0.0488,0.397,0.775,0.0801,0.876,143.914,audio_features,1iiIBMc2Cxk1tH55RZHXCA,spotify:track:1iiIBMc2Cxk1tH55RZHXCA,https://api.spotify.com/v1/tracks/1iiIBMc2Cxk1tH55RZHXCA,https://api.spotify.com/v1/audio-analysis/1iiIBMc2Cxk1tH55RZHXCA,200867,4
81,0.423,0.22,0,-13.499,0,0.0298,0.949,0.854,0.12,0.152,107.595,audio_features,4GMJNNA04YDBVixAWiK5zD,spotify:track:4GMJNNA04YDBVixAWiK5zD,https://api.spotify.com/v1/tracks/4GMJNNA04YDBVixAWiK5zD,https://api.spotify.com/v1/audio-analysis/4GMJNNA04YDBVixAWiK5zD,438625,4
82,0.431,0.174,0,-19.689,1,0.0373,0.936,0.897,0.109,0.108,107.63,audio_features,5jD6uLibX1R7wKGFJ6zx4N,spotify:track:5jD6uLibX1R7wKGFJ6zx4N,https://api.spotify.com/v1/tracks/5jD6uLibX1R7wKGFJ6zx4N,https://api.spotify.com/v1/audio-analysis/5jD6uLibX1R7wKGFJ6zx4N,301595,4
83,0.487,0.12,10,-20.964,1,0.04,0.892,0.853,0.0996,0.131,56.822,audio_features,42q9VqB8ooQE5yn3mup3h8,spotify:track:42q9VqB8ooQE5yn3mup3h8,https://api.spotify.com/v1/tracks/42q9VqB8ooQE5yn3mup3h8,https://api.spotify.com/v1/audio-analysis/42q9VqB8ooQE5yn3mup3h8,314763,4
84,0.754,0.148,5,-17.648,1,0.0554,0.922,0.328,0.107,0.412,120.895,audio_features,3BoKHF4H6OG9lSWKa1Scq3,spotify:track:3BoKHF4H6OG9lSWKa1Scq3,https://api.spotify.com/v1/tracks/3BoKHF4H6OG9lSWKa1Scq3,https://api.spotify.com/v1/audio-analysis/3BoKHF4H6OG9lSWKa1Scq3,219000,4
85,0.397,0.217,7,-16.94,0,0.03,0.905,0.23,0.083,0.169,61.49,audio_features,5AltAzCAJksd2Tl66jqlf3,spotify:track:5AltAzCAJksd2Tl66jqlf3,https://api.spotify.com/v1/tracks/5AltAzCAJksd2Tl66jqlf3,https://api.spotify.com/v1/audio-analysis/5AltAzCAJksd2Tl66jqlf3,343750,4
86,0.403,0.13,2,-14.665,1,0.0374,0.969,0.804,0.125,0.0904,137.726,audio_features,50ma4LjaP5XDL1BsHrZ1D9,spotify:track:50ma4LjaP5XDL1BsHrZ1D9,https://api.spotify.com/v1/tracks/50ma4LjaP5XDL1BsHrZ1D9,https://api.spotify.com/v1/audio-analysis/50ma4LjaP5XDL1BsHrZ1D9,365880,4
87,0.518,0.128,0,-17.5,1,0.0335,0.939,0.912,0.115,0.118,115.794,audio_features,6lgrssuSPxoY9r0RlqMPiH,spotify:track:6lgrssuSPxoY9r0RlqMPiH,https://api.spotify.com/v1/tracks/6lgrssuSPxoY9r0RlqMPiH,https://api.spotify.com/v1/audio-analysis/6lgrssuSPxoY9r0RlqMPiH,318879,4
88,0.559,0.2,0,-17.49,0,0.0372,0.945,0.505,0.121,0.305,124.408,audio_features,2qBOKp5eX9j0rZiZuIl7sc,spotify:track:2qBOKp5eX9j0rZiZuIl7sc,https://api.spotify.com/v1/tracks/2qBOKp5eX9j0rZiZuIl7sc,https://api.spotify.com/v1/audio-analysis/2qBOKp5eX9j0rZiZuIl7sc,352250,4
89,0.521,0.0362,0,-18.862,0,0.0597,0.995,0.959,0.14,0.105,62.649,audio_features,2ZitZzpm4i01kZm1nNPRPg,spotify:track:2ZitZzpm4i01kZm1nNPRPg,https://api.spotify.com/v1/tracks/2ZitZzpm4i01kZm1nNPRPg,https://api.spotify.com/v1/audio-analysis/2ZitZzpm4i01kZm1nNPRPg,134670,4
90,0.503,0.179,7,-18.691,0,0.0545,0.742,0.915,0.126,0.667,167.594,audio_features,4Gme05BoYrBSgNJL3Ibo9E,spotify:track:4Gme05BoYrBSgNJL3Ibo9E,https://api.spotify.com/v1/tracks/4Gme05BoYrBSgNJL3Ibo9E,https://api.spotify.com/v1/audio-analysis/4Gme05BoYrBSgNJL3Ibo9E,216500,4
91,0.542,0.101,0,-17.675,1,0.0457,0.988,0.944,0.0936,0.44,73.782,audio_features,0LZ678lgdb9f0ab8AyZBHH,spotify:track:0LZ678lgdb9f0ab8AyZBHH,https://api.spotify.com/v1/tracks/0LZ678lgdb9f0ab8AyZBHH,https://api.spotify.com/v1/audio-analysis/0LZ678lgdb9f0ab8AyZBHH,182253,4
92,0.553,0.332,7,-8.588,0,0.0324,0.896,0.595,0.353,0.4,119.511,audio_features,3r6rWIqGJEGk0UwDibb2PK,spotify:track:3r6rWIqGJEGk0UwDibb2PK,https://api.spotify.com/v1/tracks/3r6rWIqGJEGk0UwDibb2PK,https://api.spotify.com/v1/audio-analysis/3r6rWIqGJEGk0UwDibb2PK,190963,3
93,0.515,0.184,0,-16.969,1,0.0426,0.858,0.18,0.12,0.218,122.744,audio_features,6qTF7EjSSecc1rip7xckgN,spotify:track:6qTF7EjSSecc1rip7xckgN,https://api.spotify.com/v1/tracks/6qTF7EjSSecc1rip7xckgN,https://api.spotify.com/v1/audio-analysis/6qTF7EjSSecc1rip7xckgN,381051,3
94,0.519,0.151,5,-20.193,0,0.0412,0.977,0.952,0.0972,0.342,141.725,audio_features,01Y1rFJpmKXucS9yNdwin0,spotify:track:01Y1rFJpmKXucS9yNdwin0,https://api.spotify.com/v1/tracks/01Y1rFJpmKXucS9yNdwin0,https://api.spotify.com/v1/audio-analysis/01Y1rFJpmKXucS9yNdwin0,190598,4
95,0.76,0.207,8,-14.373,1,0.033,0.748,0.85,0.135,0.284,85.257,audio_features,5JzllPULgQirGB0Y7LYqil,spotify:track:5JzllPULgQirGB0Y7LYqil,https://api.spotify.com/v1/tracks/5JzllPULgQirGB0Y7LYqil,https://api.spotify.com/v1/audio-analysis/5JzllPULgQirGB0Y7LYqil,137957,4
96,0.445,0.144,1,-17.051,1,0.0367,0.929,0.664,0.164,0.206,138.898,audio_features,0XXHKJqxoDfr5dzmqFlTVO,spotify:track:0XXHKJqxoDfr5dzmqFlTVO,https://api.spotify.com/v1/tracks/0XXHKJqxoDfr5dzmqFlTVO,https://api.spotify.com/v1/audio-analysis/0XXHKJqxoDfr5dzmqFlTVO,304293,5
97,0.563,0.209,5,-17.847,1,0.0389,0.858,0.0654,0.121,0.764,137.327,audio_features,6s7knDkFQOigynMft0WRv6,spotify:track:6s7knDkFQOigynMft0WRv6,https://api.spotify.com/v1/tracks/6s7knDkFQOigynMft0WRv6,https://api.spotify.com/v1/audio-analysis/6s7knDkFQOigynMft0WRv6,202500,4
98,0.358,0.0482,11,-18.887,1,0.0452,0.994,0.941,0.109,0.366,74.878,audio_features,1e5Xxhz3Ij8TLCNuhB2IEL,spotify:track:1e5Xxhz3Ij8TLCNuhB2IEL,https://api.spotify.com/v1/tracks/1e5Xxhz3Ij8TLCNuhB2IEL,https://api.spotify.com/v1/audio-analysis/1e5Xxhz3Ij8TLCNuhB2IEL,170496,5
99,0.652,0.796,8,-9.88,1,0.0349,0.447,0.876,0.079,0.756,90.013,audio_features,5eMbgx0rjKqcCkWfBGYM83,spotify:track:5eMbgx0rjKqcCkWfBGYM83,https://api.spotify.com/v1/tracks/5eMbgx0rjKqcCkWfBGYM83,https://api.spotify.com/v1/audio-analysis/5eMbgx0rjKqcCkWfBGYM83,224627,4
